Company,HQ Location,Year Founded,Sector,Deal Date,Deal Stage,Total Capital Raised to date,Deal Size,Valuation,Investors,Investor Mix,Year
247Solar,"Great Falls, VA",2015.0,Renewables,2022-11-30,Series A,12.5,3.5,40.0,Safar Partners,VC Only,2022.0
247Solar,"Great Falls, VA",2015.0,Renewables,2024-12-31,Series A,20.5,8.0,0.0,COCONUT GROVE; First Financial Bankshares; M10Lean capital; Mintz,VC Only,2024.0
Aanika,"New York, NY",2018.0,Food & Ag,2020-02-18,Seed,2.63,2.5,7.93,Alex Chung; Draper Associates; Kabir Misra; RPS Ventures; SOSV,VC Only,2020.0
Aces Delta,"Holladay, UT",2019.0,Hydrogen,2022-06-09,Development capital,650.0,650.0,0.0,"Alberta Investment Management; GIC Private; Haddington Ventures, Manulife Financial; Onterio Teachers Pension Plan ",VC Only,2022.0
Addis Energy,"Somewille, MA",2024.0,Hydrogen,2025-11-17,,17.31,8.41,22.0,At One Ventures; Engine Ventures; Pillar VC,VC Only,2025.0
Advanced Battery Concepts,"Clare, MI",2008.0,LDES,2015-07-22,Series A,8.76,3.09,0.0,BlueWater Angels,Unclassified,2015.0
Advanced Battery Concepts,"Clare, MI",2008.0,LDES,2016-11-25,Series A,11.88,3.12,0.0,BlueWater Angels; RSVP Ventures ,VC Only,2016.0
Aither Systems,"Alien, TX",0.0,LDES,2024-01-01,Development capital,0.0,0.0,0.0,Encap Investments ,VC Only,2024.0
Alva Energy (Commercial Services),"Cambridge, MA",2023.0,Renewables,2025-01-01,Development capital,0.0,0.0,0.0,NGP Energy Capital Management ,VC Only,2025.0
Amai (Food Products),"Vista, CA",2020.0,Food & Ag,2021-03-15,,0.2,0.0,0.0,Chartered Investment Managers ,VC Only,2021.0
Amber Kinetics,"Union City, CA",2009.0,LDES,2024-07-01,Development capital,46.98,0.0,0.0,Innova Capital Partners ,VC Only,2024.0
Amogy,"New York, NY",2020.0,Hydrogen,2023-03-17,Series B,207.94,139.0,589.0,AP Ventures; Aramco Ventures; DCVC; Guernsey Holdings; Korea Zinc; Mitsui & Company; MOL PLUS; SK Innovation; Temasek Holdings; Yanmar Holdings; Zeon Ventures,Mixed,2023.0
Amogy,"New York, NY",2020.0,Hydrogen,2025-07-15,Series B,314.16,95.0,700.0,AFW Partners; AP Ventures; Aramco Ventures; BHP Ventures; KDB Investment; SV Investment; MOL PLUS; Yanmar Holdings; Samsung Heavy Industries; BHP Ventures; MOL Switch; JB Investment (Private Equity); GS Engineering & Construction; Xplor Investment; GS Futures; Marunouchi Innovation Partners; Pathway Capital Management; Seoul Investment Partners; AFW Partners; AP Ventures; Odyssey Ventures (London); BonAngels Venture Partners; Quantum Ventures Korea; Kibo Invest; Temasek Holdings; Hanwha Investment & Securities Company; Gorilla Private Equity ,Mixed,2025.0
Ampcera,"San Jose, CA",2017.0,LDES,2018-04-30,Seed,1.0,1.0,10.0,,Unclassified,2018.0
Anesi,TN,2010.0,Buildings,2021-06-11,Series A,3.3,3.3,10.0,Enbridge,Unclassified,2021.0
Anesi,TN,2010.0,Buildings,2022-11-04,Series A,20.8,17.5,36.5,Energy Impact Partners,VC Only,2022.0
Anthro Energy,"Alameda, CA",2020.0,LDES,2021-01-01,Seed,0.53,0.53,2.0,Black Mountain Ventures; Cameron Drummond; Dorm Room Fund,VC Only,2021.0
Antora Energy,"Sunnyuale, CA",2017.0,LDES,2022-09-30,Series B,87.4,30.0,190.4,CalSEED; Keybridge Venture Partners; Overture Climate VC; Reaction Global; StartX,VC Only,2022.0
AtmosZero,"Fort Collins, CO",2021.0,Industrial Decarbonization,2022-12-02,Series A,7.5,3.5,20.0,AENU; Energy Impact Partners ,VC Only,2022.0
Aymium,"Gwinn, MI",2012.0,Industrial Decarbonization,2022-03-01,Development capital,0.0,0.0,0.0,Nippon Steel Trading; Rio Tinto; Sandton Capital Partners; Steel Dynamics,Mixed,2022.0
Baja Carports,"Martinez, CA",1981.0,Renewables,2024-10-01,Development capital,0.0,0.0,0.0,Compass Group Equity Partners ,VC Only,2024.0
BayoTech,"Houston, TX",2015.0,Hydrogen,2020-12-24,Development capital,173.7,157.0,0.0,Cottonwood Technology Fund+S32; Fortistar; Newlight Partners; Sun Mountain Capital,VC Only,2020.0
BayoTech,"Houston, TX",2015.0,Hydrogen,2021-01-08,Development capital,183.7,10.0,0.0,,Unclassified,2021.0
BayoTech,"Houston, TX",2015.0,Hydrogen,2021-07-13,Development capital,213.7,30.0,0.0,,Unclassified,2021.0
Biomason,"Durham, NC",2012.0,Industrial Decarbonization,2024-12-19,Series B,132.88,16.7,186.67,2150; Celesta Capital; Noel Ventures; Novo Holdings,VC Only,2024.0
Blue Frontier,"Boca Raton, FL",2017.0,Buildings,2024-05-17,Series A,47.66,25.56,111.18,2150; Breakthrough Energy; Florida Opportunity Fund; Tech Square Ventures; Volo Earth Ventures,VC Only,2024.0
Brightmark,"San Francisco, CA",2016.0,Industrial Decarbonization,2016-11-06,Development capital,250.0,250.0,0.0,Jackson Investment Group,VC Only,2016.0
C-Power,"Charlottesville, VA",2005.0,Renewables,2022-04-15,Series B,13.7,3.5,48.0,,Unclassified,2022.0
Cadenza Innovation,"Danbury, CT",2012.0,LDES,2019-07-15,Series A,31.74,9.0,118.0,Connecticut Innovations; Daniel Hagedorn,Unclassified,2019.0
Caelux,"Baldwin Park, CA",2014.0,Renewables,2022-06-29,Series A,18.1,12.0,60.0,Reliance Industries ,Unclassified,2022.0
Caelux,"Baldwin Park, CA",2014.0,Renewables,2022-09-29,Series A,32.1,14.0,60.0,Khosla Ventures,VC Only,2022.0
Caelux,"Baldwin Park, CA",2014.0,Renewables,2023-08-03,Series A,44.1,12.0,95.0,31 Ventures; F-Prime Capital; Global Brain; Khosla Ventures; Mitsui Fudosan; NextEra Energy; Reliance Industries; Temasek Holdins,Mixed,2023.0
Calicat,"Chatsworth, CA",2021.0,Hydrogen,2024-07-01,Series A,14.0,3.0,0.0,Acario Innovation; Dolby Family Ventures; Freeflow Ventures; Hess; Jericho Energy Ventures; MOL Switch; Motus Ventures; Tokyo Gas; TSV Capital; Volo Earth Ventures,VC Only,2024.0
California Bioenergy,"Visalia, CA",2006.0,Renewables,2022-12-22,Development capital,506.0,500.0,0.0,Brookfield Corporation,Unclassified,2022.0
California Bioenergy,"Visalia, CA",2006.0,Renewables,2024-09-01,Development capital,506.0,0.0,0.0,Broadscale Group,VC Only,2024.0
Cambrian Innovation,Wa tertown MA,2006.0,Industrial Decarbonization,2016-06-27,Series A,10.59,6.7,19.7,Rijn Capital,VC Only,2016.0
Cambrian Innovation,Wa tertown MA,2006.0,Industrial Decarbonization,2019-10-15,Series B,25.78,3.0,53.0,Spring Lane Capital,VC Only,2019.0
Capacitech Energy,"Orlando, FL",0.0,LDES,2020-03-05,Series A,1.12,1.0,4.0,Beresford Ventures; Flobas Ventures; Icebook Investments; New World Angels; Westlake Ventures,VC Only,2020.0
Capacitech Energy,"Orlando, FL",0.0,LDES,2019-04-10,Series A,0.12,0.08,1.5,Icebook Investments; Varnadore Financial,Unclassified,2019.0
Charm Industrial,"San Francisco, CA",2018.0,CDR,2019-05-09,Seed,3.5,3.5,21.5,David Ulevitch; Incite Ventures; James Tamplin; Lowercarbon Capital; Nat Friedman; Peter Reinhardt; Stripe; Thomas Mvlnerney; Valor Equity Partners,VC Only,2019.0
Charm Industrial,"San Francisco, CA",2018.0,CDR,2021-08-05,Series A,25.5,22.0,126.5,Impact Assets; PRIME Coalition; Seek Ventures; Social Impact Capital,VC Only,2021.0
Chestnut Carbon,"New York, NY",2022.0,CDR,2025-01-30,Development capital,390.0,160.0,0.0,Cloverlay; CPP Investments; DBL Partners; Kimmeridge ,VC Only,2025.0
Chestnut Carbon,"New York, NY",2022.0,CDR,2023-01-01,Development capital,230.0,30.0,0.0,CPP Investments,Unclassified,2023.0
Chestnut Carbon,"New York, NY",2022.0,CDR,2025-09-16,Development capital,690.0,90.0,0.0,CPP Investments ,VC Only,2025.0
Circ,"Danville, VA",2011.0,Industrial Decarbonization,2023-03-01,Series B,67.19,25.0,190.0,8090 Industries; 8090 Partners; Alante Capital; Avery Dennison; Breaktrhough Energy; Card Sound Capital; Cerity Partners Ventures; Circulate Capital; City Light Capital; Envisioning Partners; Industrial de Diseno Textil; Lansdowne Partners; Marubeni; Milliken & Company; Pandion Innovation for Impact; Plug & Play Tech Center; Temasek Holdings; Vodia Capital; Youngone; Zalando,VC Only,2023.0
Clean Energy Terminals,"Valencia, CA",2023.0,Renewables,2024-04-17,Development capital,50.0,50.0,0.0,Homecoming Capital,VC Only,2024.0
Clean Hydrogen Technologies,"New York, NY",2021.0,Hydrogen,2021-12-01,Development capital,0.68,0.68,4.18,BPH Energy ,Unclassified,2021.0
Clean Hydrogen Technologies,"New York, NY",2021.0,Hydrogen,2024-10-31,Development capital,16.88,16.2,38.88,,Unclassified,2024.0
Clean Fiber,"Blasdell, NY",2013.0,Buildings,2023-05-01,Series A,62.28,6.7,33.0,WNY Impact Investment Fund ,VC Only,2023.0
Clear Energy Hydro,"Castle Rock, CO",2018.0,Renewables,2021-01-19,Development capital,0.0,0.0,0.0,Greenbacker Capital Management,VC Only,2021.0
ClearShift,"Dallas, TX",2017.0,Industrial Decarbonization,2017-09-25,Development capital,0.0,0.0,0.0,Castlelake ,Unclassified,2017.0
Commonwealth Fusion Systems,"Devens, MA",2018.0,Renewables,2020-05-26,Series A,199.0,84.0,0.0,Artfo Holdings; Beni Venture Capital; Breakthrough Energy; Devonshire Investors; Engine Ventures; Equinor Venturses; Futures Ventures; Hostplus Superannuation Fund; Khosla Ventures; Lowercarbon Capital; Moore Strategic Ventures; Prime Movers Lab; Safar Partners; Schooner Capital; Starlight Ventures; Temasek Holdings; Yild Capital Partners,VC Only,2020.0
Commonwealth Fusion Systems,"Devens, MA",2018.0,Renewables,2025-06-26,Series B,2862.0,863.0,0.0,"31Ventures; Breakthrough Energy; Brevan Howard Macro Venture Fund; Eni Next, FFA Private Bank Dubai, NTT Docomo Ventures; Mitsui & Company; Mitsubishi Corporation Urban Development; Development Bank of Japan; Fujikura; Jera; NVentures; Mitsui Fudosan; Nvidia; Mitsui O.S.K. Lines; Kansai Electric Power; K4 Ventures; Woori Financial Group; NTT QONOQ; Planet First Partners; HOF Capital; Evolution VC Partners; Gigascale Capital; NEVA SGR; Standish Spring Investments; Khosla Ventures; Future Ventures; Safar Partners; Starlight Ventures; Lowercarbon Capital; Tiger Global Management; Global Brain; Galaxy Interactive; Gates Frontier; Stanley F. Druckenmiller; Eric Schmidt; Sumitomo Mitsui Trust Bank; Sumitomo Mitsui Banking; JGC Holdings; Brightwing Capital; One Madison Group; Emerson Collective; Google Foundation; Hostplus Superannuation Fund; Ripple Impact Investments; Doorga Capital; Counterpoint Global",Mixed,2025.0
Conamix,"Ithaca, NY",2014.0,LDES,2021-11-24,Series A,10.84,4.0,34.0,Catalus Capital Management (Saif Qazi); Plug and Play Tech Center,VC Only,2021.0
Cool Energy,"Boulder, CO",2006.0,Industrial Decarbonization,2022-08-01,Development capital,2.47,0.0,0.0,Highland Ventures Group ,VC Only,2022.0
Dandelion Energy,"Mount Kisco, NY",2017.0,Buildings,2020-01-15,Series A,34.96,12.0,109.99,Catchlight Ventures; Collaborative Fund; Comcast Ventures; Ground Up Ventures; GV; Lennar Ventures; New Enterprise Associates,Mixed,2020.0
Dandelion Energy,"Mount Kisco, NY",2017.0,Buildings,2022-11-15,Series B,135.66,69.7,299.7,Breakthrough Energy; Building Ventures; Collaborative Fund;  David Stark; GV; HiJoJo Partners; Lennar Ventures; Michael Sachse; New Enterprise Associates; NGP Energy Capital Management; NGP Energy Technology Partners; OurCrowd; Sam Landman; Tim Krebs; Travis Connors,Mixed,2022.0
Digital Power Optimization,"New York, NY",2020.0,Renewables,2021-01-27,Seed,0.54,0.44,4.0,Salutem Capital,VC Only,2021.0
Dimensional Energy,"Ithaca, NY",2014.0,Mobility,2021-12-31,,6.3,0.0,0.0,Beni Venture Capital; Demos Capital; Ithaca Area Economic Development; New Climate Ventures; New York Ventures; United Airlines Ventures,Mixed,2021.0
Disa Technologies,"Casper, WY",0.0,Industrial Decarbonization,2025-07-07,Series A,49.53,30.0,149.0,Bacchus Venture Capital; Constellation Technology Ventures; Evok Innovations; Halliburton Labs; The Think & Act Differently; Valor Equity Partners; Veriten,VC Only,2025.0
DTG Recycle,"Bothell, WA",1999.0,Industrial Decarbonization,2020-01-20,Development capital,32.0,32.0,0.0,Clair-vest Group ,VC Only,2020.0
Dynami,"Binghamton, NY",2019.0,LDES,2022-07-27,Seed,1.16,1.0,5.5,Beresford Ventures; Draper Cygnus; Ecosphere Ventures; Globalive Capital; Murchison Capital Partners; Murchison Ventures; Threshold Impact; William Tunstall-Pedoe,VC Only,2022.0
e-Zinc,"Mississauga, Canada",2012.0,LDES,2023-02-17,Series A,27.73,10.0,0.0,EDC Investments; Evok Innovations; Graphite Ventures; Mitsubishi Heavy Industries; Ultratech Capital Partners,Mixed,2023.0
EarthGrid,"Richmond, CA",2016.0,Renewables,2020-12-31,,63.0,63.0,90.0,Green Reach,Unclassified,2020.0
Ebb Carbon,"South San Francisco, CA",2021.0,CDR,2024-10-30,Series A,24.75,11.0,85.0,Chan Zuckerberg Initiative; Cisco Foundation; Congruent Ventures; Course Correction Capital; Elemental Impact; Evok Innovations; Neglected Climate Opportunities; Prelude Ventures; PRIME Coalition; Propeller; The Grantham Foundation,VC Only,2024.0
Eco Carbon,"Bala Cynwyd, PA",2022.0,Industrial Decarbonization,2024-01-01,Angel,1.32,1.32,10.0,,Unclassified,2024.0
EGI Battery,"Ann Arbor, MI",2012.0,LDES,2022-07-07,Series A,50.72,35.0,0.0,Borun Capital (Xiamen); BR Capital; Dayone Capital; GAC Capital; Hongshan Capital Group; Niuli Venture; Tianqi Capital; Unreasonable Impact,VC Only,2022.0
Emission Free Generators,"San Diego, CA",2022.0,Hydrogen,2024-06-30,Seed,0.43,0.18,0.0,,Unclassified,2024.0
Emrgy,"Atlanta, GA",2014.0,Renewables,2023-12-01,Development capital,36.67,0.0,0.0,KRF capital ,VC Only,2023.0
Emrgy,"Atlanta, GA",2014.0,Renewables,2024-12-31,Development capital,3771.0,1.04,0.0,Treehouse Investments,Unclassified,2024.0
Energy Dome,"Milan, Italy",2019.0,LDES,2025-07-28,,120.86,0.0,0.0,Alphabet ,Strategic Only,2025.0
EnGoPIanet Energy Solutions,"Houston, TX",2019.0,Renewables,2024-09-01,Development capital,0.0,0.0,0.0,Longmont Capital ,VC Only,2024.0
Envocore,"Gambrills, MD",1993.0,Buildings,2016-09-28,Development capital,24.0,0.0,0.0,Arborview Capital; Capital Southwest; DFW Capital Partners ,VC Only,2016.0
Envocore,"Gambrills, MD",1993.0,Buildings,2018-09-25,Development capital,83.33,8.0,0.0,Capital Southwest ,VC Only,2018.0
EPC Power,"Poway, CA",2010.0,Renewables,2021-01-01,Development capital,4.0,0.0,0.0,13Capital; Cleanhill Partners; Goldman Sachs Asset Management,VC Only,2021.0
Evergreen (Other Commercial Products),"Albany, NY",1998.0,Industrial Decarbonization,2022-03-01,Development capital,5.0,0.0,0.0,The Sterling Group ,VC Only,2022.0
Exowatt,"Miami, FL",2023.0,LDES,2025-11-13,Series A,140.0,120.0,0.0,8090 Industries; Felicis; MVP Ventures; Atomic; Dragon Global; New Atlas Capital; Brex Asset Management; Bay Bridge Ventures; Florida Opportunity Fund; Andreessen Horowitz; Deepwork Capital; Protagonist; Overmatch; MCJ; Thrive Capital; Goat Ventures; Massive Capital Partners; Leonardo DiCaprio; Upsher Management Company; Alpen Capital; StepStone Group; Starwood Capital Group,VC Only,2025.0
Faraday Future Intelligent Electric (NAS: FFAI),"Gardena, CA",2014.0,Mobility,2019-04-29,Series B,4361.0,1250.0,0.0,,Unclassified,2019.0
Fermata Energy,"Charlottesville, VA",2010.0,Mobility,2017-11-30,Series A,7.92,3.92,0.0,,Unclassified,2017.0
Fervo Energy,"Houston, TX",2017.0,Renewables,2024-09-10,Debt,521.47,100.0,0.0,,Unclassified,2024.0
Finless Foods,"San Francisco,CA",2017.0,Food & Ag,2020-09-11,Series A,14.0,10.23,30.23,AiiM Partners; Alecla7; At One Ventures; Cognic Capital; Draper Associates; Emergence Industries; Endurance28; Gaingels; Good Seed Ventures; Hemisphere Ventures; JKS Ventures; Joyance Partners; Magic Hour; Rise Together; Seabird Ventures; Samsarik Capital; SOSV; Synergeticl VU enture Partners,VC Only,2020.0
Finless Foods,"San Francisco, CA",2017.0,Food & Ag,2021-11-05,Series B,14.0,0.0,0.0,Draper Associates,Unclassified,2021.0
Flow Environmental Systems,"Rogers, MN",2021.0,Buildings,2025-10-31,Seed,3.1,3.1,0.0,,Unclassified,2025.0
Footprint Power,"Bridgewater , NJ",2009.0,Renewables,2015-01-09,Development capital,337.0,337.0,0.0,Oaktree Capital Management; Toyota Tsusho,Mixed,2015.0
Forever Oceans,"Bethesda, MD",2014.0,Food & Ag,2018-06-28,Series A,9.99,9.89,38.9,Bessemer Venture Partners; Lockheed Martin Ventures; Palapa Ventures; StartX,VC Only,2018.0
Form Energy,"Weirton, V'W",2017.0,LDES,2024-12-16,Debt,1433.0,50.0,0.0,,Unclassified,2024.0
Frontier Carbon Solution,"Dallas, TX",2021.0,CDR,2021-10-01,Development capital,0.0,0.0,0.0,Tailwater Capital (Edward Herring) ,VC Only,2021.0
Full cycle,"San Jose, CA",2014.0,Food & Ag,2017-11-01,,2.05,0.0,0.0,Giant Leap ,Unclassified,2017.0
Greenway Energy (Aiken),"Aiken, SC",2006.0,Hydrogen,2018-12-31,Development capital,0.0,0.0,0.0,TPG,VC Only,2018.0
GruEnergy,"San Jose, CA",2017.0,Industrial Decarbonization,2023-03-30,Series A,19.95,9.0,120.0,5Y Capital; AimTop Ventures; Baidu Ventures; Foothill Ventures; Heda Ventures; Rockets Capital; Yiyuan Capital; Yu Galaxy ,Mixed,2023.0
H2MOF,"Irvine, CA",2022.0,Hydrogen,2023-09-01,Development capital,0.0,0.0,0.0,Revonence Technologies ,Unclassified,2023.0
Heat Recovery Innovations,"Portsmouth, NH",2022.0,Industrial Decarbonization,2023-06-29,Development capital,0.0,0.0,0.0,Archaea Energy; Coppermine Capital; Saltonstall & Co. ,VC Only,2023.0
Heirloom,"Brisbane, CA",2020.0,CDR,2024-12-04,Series B,207.6,150.0,650.0,Lowercarbon Capital; Future Positive Capital; Japan Airlines Company; Mitsubishi Corporation; Mitsui & Company; MOL Switch; United Airlines Ventures; H&M Group Ventures; Pledge Ventures; Chiyoda; Development Bank of Japan; Carbon Direct Capital Management; MCJ; Ahren Innovation Capital; Carbon Removal Partners; Floating Point; Quantum Innovation Fund; The Grantham Foundation; Breakthrough Energy; Siemens Financial Services ,Mixed,2024.0
Hover Energy,"Dallas, TX",2012.0,Renewables,2021-03-15,Series A,4.81,4.1,0.0,,Unclassified,2021.0
Hover Energy,"Dallas, TX",2012.0,Renewables,2021-12-31,Series B,8.51,3.7,22.9,,Unclassified,2021.0
Hover Energy,"Dallas, TX",2012.0,Renewables,2022-04-22,Series B,9.09,0.58,19.78,Sana Sano Capital,VC Only,2022.0
Huue,"Berkeley, CA",2018.0,Industrial Decarbonization,2021-02-22,Series A,3.79,1.0,14.0,SOSV,Unclassified,2021.0
HyperSciences,"Spokane, WA",2014.0,Industrial Decarbonization,2023-01-23,Series B,27.39,0.55,0.0,Checkmate Capital; Cowles Ventures; Milkbox Partners,VC Only,2023.0
Impossible Foods,"Redwood City, CA",2011.0,Food & Ag,2019-05-14,Series E,807.0,300.0,1000.0,Horizons Ventures; Temasek Holdings; GV; Open Philanthropy Project; Xandex Ventures; Conti Ventures; Neman Ventures; Lenox Partners; Ericsenz Capital; Sailing Capital; Next Play Capital; G Squared; CPT Capital; Five Seasons Ventures; Proioxis Ventures; Ben Jen Holdings; K2 Global; Pario Ventures; Khosla Ventures; Mirae Asset Venture Investment; Bracket Capital; Toy Ventures; London Impact Ventures; Purav Patel; Christian Herrera; Katy Perry; Jaden Smith; Julien Machot; Taslimm Quraishi; Vikas Sabnani; Randy Almaguer; Serena Williams; Jay Brown; Shawn Carter; Alexis Ohanian; William Gates; UBS Group; Viking Global Investors; Late Stage Management; The Spaventa Group; Bridge Capital Holding; Buttonwood Group Advisors; Verso Holdings,Mixed,2019.0
Independence Hydrogen,"Ashburn, VA",2017.0,Hydrogen,2021-11-17,Seed,7.0,7.0,35.0,Hivers & Strivers (Rachel Hobert); Smart City' Works - Infrastructure Actuator,Unclassified,2021.0
Indigo Technologies,"Woburn, MA",2010.0,Mobility,2021-05-24,Series A,90.16,14.3,47.0,FM Capital; PBJ Capital,VC Only,2021.0
Indigo Technologies,"Woburn, MA",2010.0,Mobility,2023-10-25,Series B,109.04,18.88,300.0,Hon Hai Precision; WillowTree Investments,Unclassified,2023.0
Indigo Technologies,"Woburn, MA",2010.0,Mobility,2025-10-03,Series B,163.04,54.0,354.0,FedEx; FM Capital; Foxconn Technology; Liebenthal Ventures; PassKey Invest,VC Only,2025.0
Industrial Sun,"Austin, TX",2021.0,Renewables,2021-11-01,Development capital,30.0,30.0,0.0,Modern Energy ,Unclassified,2021.0
Industrial Sun,"Austin, TX",2021.0,Renewables,2023-02-28,Development capital,120.0,90.0,0.0,EIG; Modern Energy ,Unclassified,2023.0
Infinitum,"Austin, TX",2014.0,Industrial Decarbonization,2019-01-07,Series A,2.27,1.97,7.37,Cottonwood Technology Fund ,VC Only,2019.0
INOVUES,"Houston, TX",2017.0,Buildings,2021-12-31,Series A,5.32,4.36,11.36,Central Texas Angel Network; David Palter; E8; FUND4SE; John Paulos; Lateral Capital Group; Momentum Glass; Paulos Holdings; R/GA Ventures; Saint-Gobain NOVA; SIFL; SLA Ventures; Technology Credit Union; VCFuel,Mixed,2021.0
Ion Storage Systems,"Beltsville, MD",2015.0,LDES,2024-07-01,Series A,53.0,15.0,170.0,Alumni Ventures; Saint-Gobain NOVA; TEDCO ,Mixed,2024.0
iwi life,"Houston, TX",2011.0,Food & Ag,2021-12-17,Development capital,27.3,8.0,0.0,Genesis Park ,Unclassified,2021.0
Joule Case,"Seattle, WA",2014.0,Buildings,2019-11-08,Series A,0.57,0.57,9.57,E8; Keiretsu Capital,VC Only,2019.0
Kaizen Clean Energy,"Tomball, TX",2021.0,Hydrogen,2023-07-06,Development capital,3.0,3.0,0.0,Balcor Commercial,Unclassified,2023.0
Kaizen Clean Energy,"Tomball, TX",2021.0,Hydrogen,2023-12-28,Development capital,6.0,3.0,0.0,Hasatano Capital,VC Only,2023.0
Kaizen Clean Energy,"Tomball, TX",2021.0,Hydrogen,2024-11-01,Development capital,6.91,0.91,0.0,,Unclassified,2024.0
Keel.Labs,"Morrisville, NC",2017.0,Industrial Decarbonization,2021-06-18,Debt,2.3,0.0,0.0,Impact Assets ,Unclassified,2021.0
Kite Hill,"Hayward, CA",2010.0,Food & Ag,2016-02-12,Series B,34.66,17.81,62.81,301; CAVU Consumer Partners; General Mills M13; Stray Dog Capital; Unovis Asset Management,VC Only,2016.0
Knip (Commercial Products),"Boston, MA",2013.0,Food & Ag,2018-04-30,Series B,5.87,1.24,27.24,Hatch Blue; Moodoos Investments ,VC Only,2018.0
Kula Bio,"Natick, MA",2018.0,Food & Ag,2025-11-19,Series A,76.71,15.48,228.48,,Unclassified,2025.0
LAND,"Cleveland, OH",2020.0,Food & Ag,2022-05-24,Series A,5.26,4.16,39.0,Fenix Equity Group ,VC Only,2022.0
LAND,"Cleveland, OH",2020.0,Food & Ag,2023-05-30,Series A,12.26,7.0,32.5,Ancora Holdings Group; Nottingham Unlimited Ventures ,VC Only,2023.0
Lapis Energy,"Dallas, TX",2021.0,CDR,2021-11-24,Development capital,0.0,0.0,0.0,Cresta Fund Management ,VC Only,2021.0
Lilac,"Oakland, CA",2016.0,Industrial Decarbonization,2017-12-15,Series A,0.8,0.8,3.8,Philippa Gawley ,Unclassified,2017.0
Lilac,"Oakland, CA",2016.0,Industrial Decarbonization,2018-12-24,Series A,3.3,2.5,16.5,E8; Harbor Street Ventures; PRIME Coalition; Tribeca Early Stage Partners,VC Only,2018.0
Limelight Steel,"Oakland, CA",2021.0,Industrial Decarbonization,2021-11-01,Seed,3.25,3.25,0.0,Cantos Ventures; Cibersons; Collaborative Fund; Incite Ventures; Social Impact Capital; Voyager,VC Only,2021.0
Limelight Steel,"Oakland, CA",2021.0,Industrial Decarbonization,2022-10-17,,3.35,0.0,0.0,Impact Science Ventures; Khosla Ventures ,VC Only,2022.0
LineVision,"Boston, MA",2018.0,Renewables,2019-01-03,Series A,2.0,2.0,4.4,Clean Energy Venture Group; Clean Energy Ventures; Greentown Labs,VC Only,2019.0
Loliware,"San Jose, CA",0.0,Food & Ag,2022-10-31,Seed,13.74,4.18,0.0,H/L Ventures; Lighthouse; Apex Companies; Closed Loop Partners; KRG Capital Partners; Gratitude Railroad; Magic Hour (New York); Geekdom Fund; For Good Ventures; Loli On-The-Field; Alumni Ventures; Ehukai Investments; Trent Orr; Elizabeth S. Heavener; Serena Woodward; Clayton A. Rockefeller; Nathan G. Walworth; Brian Henry; Austin Henry; Eduardo Vitols; NaHCO3; German Property Group,VC Only,2022.0
Loliware,"San Jose, CA",0.0,Food & Ag,2023-11-27,Seed,17.33,3.59,0.0,Ten Eighty Capital; Tuna Investments; K2X; Anthropocene Ventures; Engage Venture Partners; Joseph L Stornelli; Andrew J Kabatch; R. Brent Alderfer; Sachin S Joshi; John M. Bianchi; Robert Durr; German Property Group; Kilara Capital ,VC Only,2023.0
Loliware,"San Jose, CA",0.0,Food & Ag,2019-12-20,Seed,7.75,5.56,0.0,Kingswood Capital Partners; KRG Capital Partners; Closed Loop Partners; For Good Ventures; Moskal Capital Partners; TWB Investment; Gratitude Railroad; Sunset Ventures; H/L Ventures; Geekdom Fund; Sustainable Ocean Alliance; Alan Chung; Eduardo Vitols; Gisele Brisson; Beth S. Horowitz; Margaret Segal; Howard Levine; Peter Libby; Seabird Ventures; Impact Assets; NaHCO3 and Empire State Developmen,VC Only,2019.0
Loop (Electrical Equipment),"El Segundo, CA",2017.0,Hydrogen,2022-10-03,Series A,60.0,60.0,0.0,Agility Ventures; Fifth Wall; Keystone National Group,VC Only,2022.0
Lygos,"Hayward, CA",2010.0,Industrial Decarbonization,2019-01-23,Series B,49.68,15.0,95.0,Kalyan Vepuri; LG Technology Ventures ,VC Only,2019.0
Maas Energy Works,Redding. CA,2010.0,Renewables,2022-11-01,Development capital,1.31,0.0,0.0,Stonepeak Partners ,VC Only,2022.0
Manus,"Waltham, MA",2011.0,Industrial Decarbonization,2018-06-05,Series A,22.12,9.4,79.0,EGI Capital; Taihill Venture ,VC Only,2018.0
Membrion,"Seattle, WA",2016.0,Industrial Decarbonization,2021-09-16,Series A,10.88,2.96,18.96,Sand Hill Angels ,Unclassified,2021.0
Membrion,"Seattle, WA",2016.0,Industrial Decarbonization,2025-10-14,Series B,46.33,22.95,0.0,Ecolab; GiantLeap Capital; Indico Capital Partners; Lam Research; New York Angels; Pangaea Ventures; PuraTerra Ventures; Safar Partners; W.L. Gore & Associates,VC Only,2025.0
Mesodyme,"Somerville, MA",2017.0,Industrial Decarbonization,2021-04-29,Seed,0.72,0.1,0.0,NextCorps Luminate,Unclassified,2021.0
Mitra Chem,"Mountain View, CA",2021.0,Industrial Decarbonization,2025-06-06,Series B,95.6,15.6,280.0,Bidra Innovation Ventures; Bricks Capital Management; L&F; Lane VC,VC Only,2025.0
Mobius Energy,"Tusti n, CA",2020.0,Mobility,2022-03-01,Development capital,101.02,100.0,0.0,Global Emerging Markets,Unclassified,2022.0
Mobius Energy,"Tusti n, CA",2020.0,Mobility,2023-06-01,Development capital,101.02,0.0,0.0,Krypton ,Unclassified,2023.0
Modern Hydrogen,"Woodinville, WA",2015.0,Hydrogen,2020-10-08,Series A,40.4,30.0,70.0,At One Ventures; Metaplanet Holdings; William Gates ,Mixed,2020.0
Modern Hydrogen,"Woodinville, WA",2015.0,Hydrogen,2023-03-28,Series B,103.2,32.8,180.8,Gates Frontier; IRONGREY; Metaplanet Holdings; Miura Partners; National Grid Partners; NextEra Energy; Starlight Ventures; Towards Net Zero; Unreasonable Impact; Valo Ventures,Mixed,2023.0
Momentum Technologies (Dallas),"Carrollton, TX",2016.0,Industrial Decarbonization,2021-12-14,Development capital,20.1,20.0,0.0,Freestone Sponsors ,Unclassified,2021.0
Montana Renewables,"Great Fais, MT",2021.0,Renewables,2022-08-05,Development capital,1150.0,250.0,2250.0,Warburg Pincus ,Unclassified,2022.0
Mori (Specialty Chemicals),"Boston, MA",2016.0,Food & Ag,2022-03-02,Series B,85.75,52.35,212.35,Accelr8; Bluestein Ventures; Collaborative Fund; DNS Capital; Engine Ventures; For Good Ventures; Plug & Play Tech Center; Prelude Ventures; Thia Ventures; Toba Capital,VC Only,2022.0
Mozza,"Los Angeles, CA",2018.0,Food & Ag,2024-03-26,Series A,23.16,5.2,58.2,,Unclassified,2024.0
MVCE Gulf coast,"New Castle, DE",0.0,Hydrogen,2024-01-11,Development capital,0.0,0.0,0.0,ENEOS Holdings ,Mixed,2024.0
Mycocycle,"Bolingbrook, IL",2018.0,Buildings,2022-07-14,Seed,0.9,0.8,0.0,4WARD.vc; Alumni Ventures; Anthropocene Ventures; Lofty Ventures; Right Side Capital Management; Service Provider Capital; TELUS Global Ventures,VC Only,2022.0
MyForest Foods,"Albany, NY",2019.0,Food & Ag,2023-05-31,Series A,77.29,15.25,125.25,AiiM Partners; Footprint Coalition; Standard Investments; Viking Global Investors,VC Only,2023.0
Nacero,"Houston, TX",2015.0,Mobility,2018-09-28,Development capital,34.5,34.5,0.0,,Unclassified,2018.0
Nacero,"Houston, TX",2015.0,Mobility,2021-05-05,Development capital,34.5,0.0,0.0,Global Cleantech Capital ,VC Only,2021.0
Natel Energy,"Alameda, CA",2009.0,Renewables,2020-03-26,,68.36,41.59,0.0,Ajax Strategies; Breakthrough Energy; Emerson Collective; mTerra Ventures; Schneider Electric; SE Ventures,Mixed,2020.0
Natel Energy,"Alameda, CA",2009.0,Renewables,2021-07-21,,88.36,20.0,55.0,Breakthrough Energy; Chevron Technology Ventures; Prithvi Ventures,Mixed,2021.0
Natel Energy,"Alameda, CA",2009.0,Renewables,2017-05-25,Series B,14.93,5.0,19.0,,Unclassified,2017.0
Natel Energy,"Alameda, CA",2009.0,Renewables,2023-04-26,,116.36,28.0,83.0,Enechange; Japan Energy Fund; New Luna Ventures; Schneider Electric USA Common Trust,Mixed,2023.0
Nature Coatings,"Las Vegas, NV",2017.0,Industrial Decarbonization,2023-03-03,Series A,4.15,2.45,20.0,Leonardo DiCaprio; Next Act Fund; Portfolia; Regeneration VC; Safer Made; The 22 Fund,VC Only,2023.0
New Culture,"San Leandro, CA",2018.0,Food & Ag,2025-05-09,Series A,50.17,20.0,30.5,Archer Daniels Midland; Genoa Ventures; GERBER-RAUTH; IndieBio; Meach Cove Capital; ONCE Ventures; Schreiber Ventures; SOSV; Synthesis Capital,VC Only,2025.0
Noria Energy,"Sausalito, CA",2018.0,Renewables,2022-01-25,Development capital,0.0,0.0,0.0,Greenbacker Capital Management ,VC Only,2022.0
Novaphos,"Fort Meade, FL",2008.0,Food & Ag,2018-12-21,Series B,48.88,1.7,30.0,Armilar Venture Partners; Arsenal Growth,VC Only,2018.0
Novaphos,"Fort Meade, FL",2008.0,Food & Ag,2022-12-27,Series B,56.53,7.65,37.65,,Unclassified,2022.0
Novaphos,"Fort Meade, FL",2008.0,Food & Ag,2024-09-24,Series B,63.53,7.0,44.65,,Unclassified,2024.0
NuCicer,"Davis, CA",2019.0,Food & Ag,2022-10-01,Seed,4.5,4.5,21.0,Blue Horizon Corporation; Leaps by Bayer; Lever VC; Lifely VC; Mudcake; The House Fund,VC Only,2022.0
NuCicer,"Davis, CA",2019.0,Food & Ag,2022-11-01,Seed,11.5,7.0,34.0,Blue Horizon Corporation; Leaps by Bayer; Lever VC; Mudcake,VC Only,2022.0
OBE Power,"Miami, FL",2017.0,Mobility,2022-01-01,Angel,2.7,0.1,0.0,,Unclassified,2022.0
Ocean Renewable Power Company,"Portland, ME",2004.0,Renewables,2019-11-07,Development capital,22.74,7.46,29.46,Netcapital ,VC Only,2019.0
Ocean Renewable Power Company,"Portland, ME",2004.0,Renewables,2021-08-16,Development capital,47.74,25.0,0.0,Canadian Shield Capital; Hatch ,VC Only,2021.0
Okèanos,"Miami Beach, FL",2019.0,Industrial Decarbonization,2022-03-04,Seed,3.82,1.0,0.0,Red Devil Investors,Unclassified,2022.0
Okèanos,"Miami Beach, FL",2019.0,Industrial Decarbonization,2020-08-14,Seed,2.8,2.8,0.0,,Unclassified,2020.0
OnePIanet Solar Recycling,"Jacksonville, FL",2023.0,Industrial Decarbonization,2025-04-01,Seed,8.43,7.0,0.0,Khasma Capital ,VC Only,2025.0
OnePointOne,"Avondale, AZ",2017.0,Food & Ag,2020-09-01,Seed,12.5,12.0,72.0,Blackhorn Ventures; Chamaeleon; Eric Lamb; Frederic Luddy; KBW Ventures; Kenneth Birdwell; Michael Heffernanl Novak Djokovic; Southland Industries; Steve Chen; Western Technology Investment,VC Only,2020.0
Pajarito Powder,"Albuquerque, NM",2012.0,Hydrogen,2025-03-31,Series B,11.04,0.0,0.0,Ecovyst; Hyundai Motor; Kia; NV Bekaert,Strategic Only,2025.0
Pellucere Technologies,"Dallas, TX",2009.0,Renewables,2021-02-23,Series A,9.0,6.0,19.0,Energy Innovation Capital; Fortistar (Nadeem Nisar),VC Only,2021.0
Pendulum Technologies,"Columbus, IN",2021.0,Food & Ag,2022-06-28,Seed,0.02,0.02,0.0,Elevate Ventures,VC Only,2022.0
Perfect Day,"Berkeley, CA",2014.0,Food & Ag,2018-02-27,Series A,26.79,20.5,65.5,Conti Ventures; Five Seasons Ventures; Horizons Ventures; ICONIQ Growth; Lion Ventures; Temasek Holdings; Verus International,VC Only,2018.0
Perfect Day,"Berkeley, CA",2014.0,Food & Ag,2016-02-15,Series A,6.29,4.2,19.2,B37 Ventures; Horizons Ventures; Sonny Vu ,VC Only,2016.0
Phase Change Solutions,"Asheboro, NC",,LDES,2019-01-22,Development capital,27.5,0.0,0.0,Emerald Technology Ventures; Pegasus Capital Advisors; Third Prime,VC Only,2019.0
Phase Change Solutions,"Asheboro, NC",2011.0,LDES,2020-01-15,Development capital,27.5,0.0,0.0,Decathlon Capital Partners; Nexter Ventures,VC Only,2020.0
Phoam Labs,"Eden Prairie, MN",2016.0,Buildings,2023-03-02,,4.5,4.5,67.5,,Unclassified,2023.0
Phoenix Hydrogen,"Los Angeles, CA",2020.0,Hydrogen,2023-03-01,Seed,2.5,2.0,15.0,Asymmetry Ventures; Climate Capital; Collaborative Fund; Ecosphere Ventures; Leap Forward Ventures; Liquid 2 Ventures; Shared Future Fund; Soma Capital; Y Combinator,VC Only,2023.0
Phospholutions,PA,2016.0,Food & Ag,2023-09-09,Series B,26.47,14.65,90.0,Advantage Capital; Ben Franklin Technology Partners of Central and Northern Pennsylvania; Bunge Ventures; Conti Ventures; H/L Ventures; Keytrade; Maumee Ventures; Ospraie Ag Science; Tekfen Ventures; UPL,VC Only,2023.0
Posh Robotics,"Haywoard, CA",2021.0,LDES,2022-06-22,Seed,4.3,3.8,25.0,Asymmetry Ventures; Beni Venture Capital; Climate Capital; Collaborative Fund; Deloitte; Global Founders Capital; Hat-trick Capital; Helium-3 Ventures; Metaplanet Holdings; Outbound Capital; Pegasus Tech Ventures; Shenzen Capital Group; Starling Ventures; The Atlas Capital; Tim Seears; UpHonest Capital; World Economic Forum; WorldQuant Ventures; Y Combinatot,Mixed,2022.0
Princeton NuEnergy,"Bordentown, NJ",2019.0,Industrial Decarbonization,2024-05-13,Series A,41.3,34.3,104.0,Climate Capital; Course Correction Capital; Greenland Technologies Holding; GS Futures; Helium-3 Ventures; Honda Motor; LKQ; Samsung Venture Investment; SCG Chemicals; Shell Ventures; Tech Council Ventures; Traxys; Wistron Medical Technology; WorldQuant Ventures,Mixed,2024.0
Pure Green Farms,"South Bend, IN",2018.0,Food & Ag,2020-08-01,Development capital,20.0,20.0,0.0,Ceres Partners ,VC Only,2020.0
Pyran,"Madison, WI",2017.0,Industrial Decarbonization,2021-07-03,Series A,4.85,2.23,10.23,Arosa Capital Management; BrightStar Wisconsin Foundation; WARF Ventures,VC Only,2021.0
Quaise Energy,"Cambridge, MA",2018.0,Renewables,2024-03-12,Series A,91.02,21.0,190.0,Milano Investment Partners; Mintz; Mitsubishi; Prelude Ventures; Safar Partners; Standard Investments,Mixed,2024.0
Qualterra,"Pullman, WA",2011.0,Food & Ag,2021-05-01,Development capital,0.0,0.0,0.0,Cowles Ventures; Keiretsu Capital,VC Only,2021.0
Qualterra,"Pullman, WA",2011.0,Food & Ag,2025-02-05,Development capital,16.63,16.63,40.0,,Unclassified,2025.0
QuantumScape (NYS: QS),"San Jose, CA",2010.0,Mobility,2014-06-12,Series B,102.32,25.32,325.0,Volkswagen Group ,Mixed,2014.0
Raven SR,"Pinedale,WY",2018.0,Hydrogen,2021-06-01,Development capital,0.0,0.0,0.0,Ascent Funds ,VC Only,2021.0
Raven SR,"Pinedale,WY",2018.0,Hydrogen,2021-08-12,Development capital,20.0,20.0,0.0,Ascent Funds; Chevron ; Hyzon Fuel Cell; Itochu ,Mixed,2021.0
Raven SR,"Pinedale,WY",2018.0,Hydrogen,2022-03-14,Development capital,20.0,0.0,0.0,Samsung Venture Investment ,Mixed,2022.0
Raven SR,"Pinedale,WY",2018.0,Hydrogen,2023-07-25,Development capital,20.0,0.0,0.0,The RockCreek Group ,VC Only,2023.0
Raven SR,"Pinedale,WY",2018.0,Hydrogen,2024-04-02,Development capital,35.0,15.0,0.0,Ascent Funds; Chevron; Itochu; Stellar J ,Mixed,2024.0
ReCarbon,"Fremont, CA",2011.0,Industrial Decarbonization,2021-08-20,Series B,42.0,27.0,157.0,D3 Jubilee partners; GS Holdings; POSCO Holdings ,Mixed,2021.0
ReEIement Technologies,"Fishers, IN",2016.0,Industrial Decarbonization,2025-06-02,Development capital,170.0,150.0,0.0,Novare,Unclassified,2025.0
ReMo Energy,"Boston, MA",2020.0,Hydrogen,2022-07-14,,6.25,5.25,15.25,AiiM Partners; Breakthrough Energy; Darco Capital,VC Only,2022.0
Rondo Energy,"Oakland, CA",2020.0,LDES,2023-08-02,Series A,85.12,60.0,250.0,Aramco Ventures; Breakthrough Energy; Energy Impact Partners; John Doerr; Microsoft Climate Fund; Rio Tinto; Saudi Basic Industries; SDCL Efficiency Income Trust; Siam Cement Public Company; Titan,Mixed,2023.0
Rove (Other Services (B2C Non-Financial),"Costa Mesa, CA",2019.0,CDR,2021-01-01,Development capital,0.0,0.0,0.0,Newlight Partners ,VC Only,2021.0
RWDC Industries,"Athens, GA",2015.0,Industrial Decarbonization,2018-10-10,Series A,13.0,13.0,0.0,Ridgevale Enterprises; Vickers Venture Partners; WI Harper Group ,VC Only,2018.0
RWDC Industries,"Athens, GA",2015.0,Industrial Decarbonization,2019-04-23,Series A,35.0,22.0,0.0,Eversource Retirement Plan Master Trust; Vickers Venture Partners; WI Harper Group ,VC Only,2019.0
RWDC Industries,"Athens, GA",2015.0,Industrial Decarbonization,2021-11-23,Series B,263.1,95.1,0.0,CPV/CAP Pensionskasse Coop; Optimas Capital Partners; Temasek Holdings; Vickers Venture Partners,VC Only,2021.0
Scale Microgrid Solutions,"Ridgewood, NJ",2016.0,Renewables,2020-01-27,Development capital,300.0,300.0,0.0,Warburg Pincus ,Unclassified,2020.0
Scape Carbon,"Los Angeles, CA",2022.0,CDR,2024-12-01,Seed,0.5,0.5,5.0,Anthropocene Ventures; E8; Five Two Five,VC Only,2024.0
Scooterson,"San Francisco, CA",2016.0,Mobility,2017-07-23,Seed,1.81,1.75,15.25,Aditya Mathur; Arsat Industries; Bhavya Khanna; Elev8.vc; Elevate Ventures; Sai Anurag; SM Ventures,VC Only,2017.0
SGP BioEnergy,"New York, NY",2012.0,Industrial Decarbonization,2023-10-05,Development capital,250.0,250.0,0.0,Global Emerging Markets ,Unclassified,2023.0
SimpliPhi Power,"Oxnard, CA",2002.0,LDES,2016-08-30,Angel,3.5,2.0,0.0,,Unclassified,2016.0
Sinclair Designs and Engineering,"Albion, W",2007.0,Renewables,2024-02-01,Development capital,0.0,0.0,0.0,Eagle Private Capital ,VC Only,2024.0
Sionic Energy,"Rochester, NY",2011.0,Mobility,2016-10-14,Series B,11.14,6.5,13.5,Cornell University; Coulometrics; In-Q-Tel; New York Ventures; Phoenix Venture Partners; Rochester Institute of Technology Venture Fund; Syensqo Ventures; University of Colorado,VC Only,2016.0
Smart Wires,"Durham, NC",2010.0,Renewables,2015-06-03,Series B,52.34,17.35,57.61,,Unclassified,2015.0
Smart Wires,"Durham, NC",2010.0,Renewables,2025-01-29,Development capital,632.72,65.0,0.0,BP Energy Partners; Keystone Group ,VC Only,2025.0
Sol Clarity,"Somerville, MA",2020.0,Renewables,2022-11-10,Seed,0.94,0.92,0.0,Equinor Ventures; Techstars,VC Only,2022.0
Solarlytics,"Livermore, CA",2014.0,Renewables,2022-05-01,Series B,23.93,12.63,80.0,Helios Climate Ventures; Innova Capital Partners,VC Only,2022.0
Solugen,"Houston, TX",2016.0,Industrial Decarbonization,2020-09-15,Series B,85.95,30.15,230.0,Flight Ventures; Ford Street Ventures; Harpoon VC; Jonathan Hung; Lowercarbon Capital; McWin Partners; Meron Capital; Next Play Capital; Refactor Capital; Reform Ventures; Ruvento Ventures; Tjucholmen Ventures; Unicorn Venture Partners,VC Only,2020.0
Spotlight Solar,"Chapel Hill, NC",2010.0,Renewables,2016-09-16,Seed,0.25,0.25,2.75,Social Venture Circle; Solidarity Capital Group,VC Only,2016.0
Steelhead Composites,"Golden, CO",2012.0,Hydrogen,2024-08-26,Series A,40.76,15.0,83.0,,Unclassified,2024.0
Sun Density,"Rochester, NY",0.0,Renewables,2020-10-14,Seed,3.01,0.51,0.87,NextCorps Luminate,Unclassified,2020.0
Suniva,"Norcross, GA",2007.0,Renewables,2023-01-01,Development capital,110.0,110.0,0.0,Orion Infrastructure Capital,VC Only,2023.0
Sun Modo,"Vancouver, WA",2008.0,Renewables,2024-04-01,Development capital,0.0,0.0,0.0,MB Energy Partners ,VC Only,2024.0
SunStream Partners,"Albany, NY",2010.0,Renewables,2015-12-10,Development capital,11.0,11.0,0.0,MMA Capital Holdings (Robert Hopper),VC Only,2015.0
Swift Solar,"San Carlos, CA",2017.0,Renewables,2020-11-30,Seed,16.81,9.66,39.9,Climate Capital; Good Growth Capital; Grant Hummer; Jack Fuchs; James Fickel lame; Kelly Lei; Safar Partners; Sierra Peterson; Sytse Sijbrandij; Vitalik Buterin,VC Only,2020.0
Swiftmile,"Belmont, CA",2015.0,Mobility,2017-07-14,Seed,1.0,0.85,0.0,Plug and Play Tech Center; Seedlnvest; Sunmeet Jolly; Verizon Ventures,VC Only,2017.0
Swiftmile,"Belmont, CA",2015.0,Mobility,2018-04-26,,1.95,0.95,0.0,G Ventures; Mukul Agapwal; Nonlinear Capital; Plug and Play Tech Center; Verizon Ventures,VC Only,2018.0
Sylvatex,"Alameda, CA",2007.0,Mobility,2021-01-01,Series A,4.76,2.0,16.0,Amplify Capital; Bruce Rubin; Kathy Salmanowitz; One World; Scott Saslow; Steve Rosard; SXU Investment; Volo Earth Ventures; Zygote Ventures,VC Only,2021.0
Syzygy Plasmonics,"Houston, TX",2018.0,Hydrogen,2025-04-02,Series D,136.79,24.5,0.0,Tupras Ventures,VC Only,2025.0
Tandem PV,"San Jose, CA",2016.0,Renewables,2024-01-16,Series A,17.99,6.0,40.0,Constellation Technology Ventures; Planetary Technologies; Thomas Werner; Uncorrelated Ventures,VC Only,2024.0
Tandem Repeat,"Philadelphia, PA",2017.0,Industrial Decarbonization,2022-11-03,,2.98,2.18,0.0,Climate Capital; Hacker Capital; Kanca Ventures ,VC Only,2022.0
Tarform,"New York, NY",2016.0,Mobility,2021-08-05,Seed,0.0,0.0,0.0,10X Capital; Ajay Yadav ; C2 Ventures; Camwood Ventures; M13; Riverside Ventures; Spacestation,VC Only,2021.0
TemperPack Technologies,"Richmond, VA",2013.0,Industrial Decarbonization,2025-06-01,Development capital,249.87,0.0,0.0,Aliment Capital ,VC Only,2025.0
Terradot,"Stanford, CA",2022.0,CDR,2024-11-14,Series A,58.2,54.0,0.0,Acre Venture Partners; Alphabet; Cisco Foundation; Cisco Investments; Floodgate; George Roberts; Gigascale Capital; John Doerr; Kleiner Perkins; Kyber Knight Capital; Microsoft; Ponderosa Ventures; Sheryl Sandberg; Tom Bernthal; Valor Capital Group,Mixed,2024.0
Terraformation,"Honolulu, HI",2020.0,CDR,2023-10-16,Series A,84.47,48.0,153.0,Calm Ventures; Fanjul Capital; Gaingels; Knockout Capital; Lombardstreet Ventures; Relumin; The Scope Fund; VISION,VC Only,2023.0
Terrapower,"Bellevue, WA",2006.0,Renewables,2022-11-03,,10008.0,830.0,0.0,ArcelorMittal; Cascade Investment; Hedonova; Korea Shipbuilding and Offshore Engineering; SK Group; SK Innovation,Mixed,2022.0
Tethis (Erwironmental Services (B2B),"Raleigh, NC",2012.0,Industrial Decarbonization,2015-12-10,Series B,2.88,2.1,13.6,,Unclassified,2015.0
Tomtex,"New York, NY",2020.0,Industrial Decarbonization,2023-11-16,Seed,4.15,4.15,12.15,Aria Emiko; Beck Koss; Benjamin Stokes; C3 Ventures; Carrier-ok; Chasing Rainbows; Claire England; Climate Capital; CRCM Ventures; Davic Weissman; Earth Venture Capital; Gaingles; Happiness Capital; IndieBio; Karan Goel; Meliorare Partners; MiH Ventures; Nucleus Adventure Capital; Portfolia; Raphael Carteni; SOSV; Van Ngo ,VC Only,2023.0
TrueAIgae,"Chantilly, VA",2017.0,Food & Ag,2022-09-09,Seed,6.27,4.67,28.67,Plug and Play Tech Center,Unclassified,2022.0
TS-Nano,"Albuquerque, NM",2020.0,Industrial Decarbonization,2023-11-10,Series A,0.86,0.61,10.5,,Unclassified,2023.0
Twelve,"Berkeley, CA",2015.0,Industrial Decarbonization,2021-07-08,Series A,75.37,29.0,155.0,Aera VC; Alpha Bridge Ventures; Breakout Ventures; Capricorn Investment Group; Carbon Direct Capital Management; City Hill Ventures; Climate Capital; DCVC; Evok Innovations; Future Tech Labs; GC Venture Fellows; Lowercarbon Capital; Microsoft Climate Fund; Munich Re Ventures; Rising Tide Fund; Starlight Ventures; Twynam Funds Management; Xplorer Capital,Mixed,2021.0
Tyfast,"San Diego, CA",0.0,Mobility,2022-11-09,Seed,1.16,0.0,0.0,Atlas Capital; Berg Energy Ventures; Collaborative Fund; CorDx; Gigascale Capital; Impact Science Ventures; Ryan Orr; The Atlas Capital,VC Only,2022.0
Ubiquitous Energy,"Redwood City, CA",2011.0,Buildings,2017-07-25,Series A,23.06,15.0,30.0,,Unclassified,2017.0
Ubiquitous Energy,"Redwood City, CA",2011.0,Buildings,2021-03-18,Series A,31.06,8.0,88.0,Arunas Chesonis; Eneos Innovation Partners; Keith Wilson; Safar Partners; Keith Wilson; ,Mixed,2021.0
UCAP Power,"San Diego, CA",2019.0,LDES,2023-07-28,Development capital,55.0,15.0,145.0,Marathon Capital Management ,VC Only,2023.0
UCAP Power,"San Diego, CA",2019.0,LDES,2025-04-01,Development capital,59.8,0.0,0.0,Grantchester Group ,VC Only,2025.0
Unirac,"Albuquerque, NM",1998.0,Renewables,2021-09-21,Development capital,0.0,0.0,0.0,,Unclassified,2021.0
UPSIDE Foods,"Berkeley, CA",2015.0,Food & Ag,2016-04-22,Series A,5.17,4.92,24.92,Fifty Years; SOSV; Stray Dog Capital; Unovis Asset Management ,VC Only,2016.0
UPSIDE Foods,"Berkeley, CA",2015.0,Food & Ag,2017-08-23,Series A,22.17,17.0,77.0,Atomico; Avi Brown; Cargill; Fifty Years; Five Seasons Ventures; Gates Ventures; Inevitable Ventures; John Welch; KBW Ventures; Kimbal Musk; Kyle Vogt; Richard Branson; SOSV; Threshold Management; Unovis Asset Management,VC Only,2017.0
UPSIDE Foods,"Berkeley, CA",2015.0,Food & Ag,2020-04-10,Series B,208.42,186.25,586.0,SoftBank Investment Advisers; Norwest Venture Partners; Cargill; CPT Capital; Builders VC; Dentsu Ventures; Tyson Ventures; EDBI; Whole Foods Market; Conti Ventures; McWin Partners; Prime Partners; Enfini Ventures; Advisors.Fund; Threshold Ventures; SOSV; BoxGroup; Fifty Years; Future Ventures; Humboldt Fund; Baleine & Bjorn Capital; Finistere Ventures; gener8tor; Christiana Musk; John Mackey; Kimbal Musk; Richard Branson; William Gates; Temasek Holdings; and Westcott,Mixed,2020.0
Upstart Power,"Southborough, MA",2017.0,Buildings,2024-07-15,Series A,68.29,22.52,46.52,,Unclassified,2024.0
Urbix,"Mesa, AZ",2014.0,Mobility,2023-10-30,Development capital,36.0,32.0,0.0,Appian Capital Advisory ,VC Only,2023.0
Vartega,"Denver, CO",2014.0,Industrial Decarbonization,2020-08-01,Series A,9.52,6.0,18.0,BELLE Impact Fund; Mickey Swortzel; Texas Halo Fund,VC Only,2020.0
Vartega,"Denver, CO",2014.0,Industrial Decarbonization,2022-08-16,,16.92,5.0,21.5,Autodesk Foundation; BELLE Impact Fund; Denver Ventures; HG Ventures; Keiretsu Forum; Monfort; New Climate Ventures; Seed I Pod; SWAN Impact Network; Texas Halo Fund,VC Only,2022.0
VEIR,"Woburn, MA",2019.0,Renewables,2023-05-25,Series A,41.9,24.9,77.9,Breakthrough Energy; Congruent Ventures; Engine Ventures; F-Prime Capital; Galvanize Climate Solutions; VXI Capital Management,VC Only,2023.0
Verdafresh,"Wayne, PA",2004.0,Food & Ag,2023-06-21,Series B,7.0,2.0,10.5,,Unclassified,2023.0
Verdox,"Woburn, MA",2019.0,CDR,2021-12-16,Series A,70.08,48.9,198.9,,Unclassified,2021.0
Verenovo Energy,"North Wilkesboro, NC",2022.0,CDR,2024-05-13,Seed,0.14,0.13,1.25,,Unclassified,2024.0
Vestaron,"Durham, NC",2005.0,Food & Ag,2021-02-10,Series B,107.33,21.0,111.0,Cavallo Ventures; Conti Ventures; Northpond Ventures; Novo Holdings; Syngenta Group Ventures,VC Only,2021.0
Vivid EV,"Fort Myers, FL",0.0,Mobility,2022-04-11,Development capital,0.0,0.0,0.0,Cagan McAfee Capital Partners; Q 3 Financial ,VC Only,2022.0
VM Agritech,"Geneva, NY",2014.0,Food & Ag,2025-11-26,Series A,36.14,28.59,218.0,DeltaCap,Unclassified,2025.0
Volexion,"Evanston, IL",0.0,Mobility,2021-04-08,Seed,1.75,1.3,4.3,Clean Energy Venture Group; Clean Energy Ventures; Earth Foundry Management ,VC Only,2021.0
Volexion,"Evanston, IL",0.0,Mobility,2023-12-31,Seed,3.61,1.86,6.9,Clean Energy Ventures; E8; Earth Foundry Management,VC Only,2023.0
Vulcan Elements,"Cambridge, MA",2023.0,Mobility,2025-08-07,Series A,73.9,65.0,200.0,1789 Capital; Altimeter Capital Management; One Investment Management; Washington Harbour,VC Only,2025.0
Wabash Valley Resources,"West Terre Haute, IN",2016.0,Hydrogen,2019-05-20,Development capital,0.0,0.0,0.0,Climate Investment ,Unclassified,2019.0
WaHa,"Fremont, CA",2018.0,Buildings,2025-04-16,Series A,14.82,8.0,0.0,Anthropocene Capital Management; Berkeley Catalyst Fund Management; Christian Thirion; Michael Phillips; Mitsui Mining and Smelting,VC Only,2025.0
wasted*,"Williston, VT",2020.0,Buildings,2023-05-30,Seed,9.0,7.5,20.0,Collaborative Fund; Cool Climate Collective; Day One Ventures; Divergent Capital; Divergent Capital; Freshtracks Capital; Gratitude Railroad; Highstreet Insurance Partners; Magnuson Center for Entrepreneurship; Pure Ventures; Riverstyx Foundation; Silence VC; Susquehanna Foundation; Third Sphere; Tuck Social Venture Fund,VC Only,2023.0
Wildcat Discovery Technologies,"San Diego, CA",2006.0,Mobility,2025-10-25,,155.66,4.9,42.0,,Unclassified,2025.0
Wildtype,"San Francisco, CA",2016.0,Food & Ag,2022-01-28,Series B,120.0,100.0,449.69,AiiM Partners; Bezos Expeditions; Cargill; CRV; Footprint Coalition; Full Circle Africa; Hestia Venture Partners; L Catterton; Leonardo Di Caprio; Maven Ventures; Root Ventures; S2G Ventures; Spark Capital; Temasek Holdings,VC Only,2022.0
Windlift,"Durham, NC",2006.0,Renewables,2023-01-23,Seed,4.4,0.0,0.0,K Street Capital; Triangle Tweener Fund,VC Only,2023.0
Wrightspeed,"Alameda, CA",2005.0,Mobility,2019-08-30,Series A,64.73,11.45,15.45,Edgewater Captial Group; Firsthand Capital Management,VC Only,2019.0
XGS Energy,"Palo Alto, CA",2008.0,Renewables,2025-02-28,Series A,52.0,13.0,0.0,Aligned Climate Capital; ClearSky; Climate Innovation Capital; WovenEarth Ventures,VC Only,2025.0
Zap Energy,"Everett, WA",2018.0,Renewables,2020-08-12,Series A,6.5,6.5,25.0,Chevron Technology Ventures; Lowercarbon Capital,Mixed,2020.0
Zauben,"Chicago, IL",2019.0,Buildings,2020-10-16,Seed,0.75,0.75,3.75,Carnite Ventures; Houston Angel Network,VC Only,2020.0
Zero Emission Industries,"South San Francisco, CA",2018.0,Hydrogen,2018-10-31,Seed,0.63,0.63,0.0,,Unclassified,2018.0
Zero Emission Industries,"South San Francisco, CA",2018.0,Hydrogen,2022-01-01,Seed,0.98,0.35,0.0,,Unclassified,2022.0
ZincFive,"Tualatin, OR",2016.0,LDES,2024-08-01,Development capital,219.02,0.0,0.0,DBL Partners; Gray's Creek Capital Partners,VC Only,2024.0
ZincFive,"Tualatin, OR",2016.0,LDES,2025-06-10,Development capital,244.78,25.76,0.0,,Unclassified,2025.0
x,x,,x,,x,,,,x,x,
